Ti,n
Ti/BO,n
Ti/BO/U,n
Ti/BO/U/B-,cd
Ti/BO/U/B-/RV,cd
Ti/BO/U/B-/RV/NC,n
Ti/BO/U/B-/RV/NC/RB,n
Ti/BO/U/B-/RV/NC/LM,n
Ti/BO/U/B-/RV/NC/LM/RB,n
Ti/BO/U/B-/V1,n
Ti/BO/U/B-/V1/RV,cd
Ti/BO/U/B-/V1/RV/NC,n
Ti/BO/U/B-/V1/RV/NC/RB,n
Ti/BO/U/B-/V1/RV/NC/V2,cd
Ti/BO/U/B-/V1/RV/NC/V2/OL,n
Ti/BO/U/B-/V1/RV/NC/V2/OL/RB,n
Ti/BO/U/B-/V1/RV/NC/LM,n
Ti/BO/U/B-/V1/RV/NC/LM/RB,n
Ti/BO/U/B-/X,cd
Ti/BO/U/B-/X/RV,cd
Ti/BO/U/B-/X/RV/NC,n
Ti/BO/U/B-/X/RV/NC/RB,n
Ti/BO/U/B-/X/RV/NC/LM,n
Ti/BO/U/B-/X/RV/NC/LM/RB,n
Ti/BO/U/B-/X/V1,n
Ti/BO/U/B-/X/V1/RV,cd
Ti/BO/U/B-/X/V1/RV/NC,n
Ti/BO/U/B-/X/V1/RV/NC/RB,n
Ti/BO/U/B-/X/V1/RV/NC/V2,cd
Ti/BO/U/B-/X/V1/RV/NC/V2/OL,n
Ti/BO/U/B-/X/V1/RV/NC/V2/OL/RB,n
Ti/BO/U/B-/X/V1/RV/NC/LM,n
Ti/BO/U/B-/X/V1/RV/NC/LM/RB,n
Ti/BO/U/B-/X/V1/RV/OE,n
Ti/BO/U/B-/X/V1/RV/OE/RB,n
Ti/BO/U/B-/B2,cd
Ti/BO/U/B-/B2/NC,n
Ti/BO/U/B-/B2/NC/RB,n
Ti/BO/U/B-/B2/NC/B4,n
Ti/BO/U/B-/B2/NC/B4/RB,n
Ti/BO/U/B-/B2/NC/LM,n
Ti/BO/U/B-/B2/NC/LM/RB,n
Ti/BO/U/B-/B2/V1,n
Ti/BO/U/B-/B2/V1/NC,n
Ti/BO/U/B-/B2/V1/NC/RB,n
Ti/BO/U/B-/B2/V1/NC/V2,cd
Ti/BO/U/B-/B2/V1/NC/V2/OL,n
Ti/BO/U/B-/B2/V1/NC/V2/OL/RB,n
Ti/BO/U/B-/B2/V1/NC/B4,n
Ti/BO/U/B-/B2/V1/NC/B4/RB,n
Ti/BO/U/B-/B2/V1/NC/B4/V2,cd
Ti/BO/U/B-/B2/V1/NC/B4/V2/OL,n
Ti/BO/U/B-/B2/V1/NC/B4/V2/OL/RB,n
Ti/BO/U/B-/B2/V1/NC/LM,n
Ti/BO/U/B-/B2/V1/NC/LM/RB,n
Ti/BO/U/B-/B2/SF,n
Ti/BO/U/B-/B2/SF/RB,n
Ti/BO/U/B-/B2/SF/B4,n
Ti/BO/U/B-/B2/SF/B4/RB,n
Ti/BO/U/B-/B2/SF/LM,n
Ti/BO/U/B-/B2/SF/LM/RB,n
Ti/BO/U/B-/B2/SF/V1,n
Ti/BO/U/B-/B2/SF/V1/RB,n
Ti/BO/U/B-/B2/SF/V1/V2,cd
Ti/BO/U/B-/B2/SF/V1/V2/OL,n
Ti/BO/U/B-/B2/SF/V1/V2/OL/RB,n
Ti/BO/U/B-/B2/SF/V1/B4,n
Ti/BO/U/B-/B2/SF/V1/B4/RB,n
Ti/BO/U/B-/B2/SF/V1/B4/V2,n
Ti/BO/U/B-/B2/SF/V1/B4/V2/OL,n
Ti/BO/U/B-/B2/SF/V1/B4/V2/OL/RB,n
Ti/BO/U/B-/B2/SF/V1/LM,n
Ti/BO/U/B-/B2/SF/V1/LM/RB,n
Ti/BO/U/B-/B2/X,cd
Ti/BO/U/B-/B2/X/NC,n
Ti/BO/U/B-/B2/X/NC/RB,n
Ti/BO/U/B-/B2/X/NC/B4,n
Ti/BO/U/B-/B2/X/NC/B4/RB,n
Ti/BO/U/B-/B2/X/NC/LM,n
Ti/BO/U/B-/B2/X/NC/LM/RB,n
Ti/BO/U/B-/B2/X/V1,n
Ti/BO/U/B-/B2/X/V1/NC,n
Ti/BO/U/B-/B2/X/V1/NC/RB,n
Ti/BO/U/B-/B2/X/V1/NC/V2,cd
Ti/BO/U/B-/B2/X/V1/NC/V2/OL,n
Ti/BO/U/B-/B2/X/V1/NC/V2/OL/RB,n
Ti/BO/U/B-/B2/X/V1/NC/B4,n
Ti/BO/U/B-/B2/X/V1/NC/B4/RB,n
Ti/BO/U/B-/B2/X/V1/NC/B4/V2,cd
Ti/BO/U/B-/B2/X/V1/NC/B4/V2/OL,n
Ti/BO/U/B-/B2/X/V1/NC/B4/V2/OL/RB,n
Ti/BO/U/B-/B2/X/V1/NC/LM,n
Ti/BO/U/B-/B2/X/V1/NC/LM/RB,n
Ti/BO/U/B-/B2/X/V1/OE,n
Ti/BO/U/B-/B2/X/V1/OE/RB,n
Ti/BO/U/B-/B2/X/SF,n
Ti/BO/U/B-/B2/X/SF/RB,n
Ti/BO/U/B-/B2/X/SF/B4,n
Ti/BO/U/B-/B2/X/SF/B4/RB,n
Ti/BO/U/B-/B2/X/SF/LM,n
Ti/BO/U/B-/B2/X/SF/LM/RB,n
Ti/BO/U/B-/B2/X/SF/V1,n
Ti/BO/U/B-/B2/X/SF/V1/RB,n
Ti/BO/U/B-/B2/X/SF/V1/V2,cd
Ti/BO/U/B-/B2/X/SF/V1/V2/OL,n
Ti/BO/U/B-/B2/X/SF/V1/V2/OL/RB,n
Ti/BO/U/B-/B2/X/SF/V1/B4,n
Ti/BO/U/B-/B2/X/SF/V1/B4/RB,n
Ti/BO/U/B-/B2/X/SF/V1/B4/V2,cd
Ti/BO/U/B-/B2/X/SF/V1/B4/V2/OL,n
Ti/BO/U/B-/B2/X/SF/V1/B4/V2/OL/RB,n
Ti/BO/U/B-/B2/X/SF/V1/LM,n
Ti/BO/U/B-/B2/X/SF/V1/LM/RB,n
Ti/BO/U/B-/B2/X/SF/V1/OE,n
Ti/BO/U/B-/B2/X/SF/V1/OE/RB,n
Ti/DC,n
Ti/DC/B-,cd
Ti/DC/B-/RV,cd
Ti/DC/B-/RV/NC,n
Ti/DC/B-/RV/NC/RB,n
Ti/DC/B-/RV/NC/LM,n
Ti/DC/B-/RV/NC/LM/RB,n
Ti/DC/B-/V1,n
Ti/DC/B-/V1/RV,cd
Ti/DC/B-/V1/RV/NC,n
Ti/DC/B-/V1/RV/NC/RB,n
Ti/DC/B-/V1/RV/NC/V2,cd
Ti/DC/B-/V1/RV/NC/V2/OL,n
Ti/DC/B-/V1/RV/NC/V2/OL/RB,n
Ti/DC/B-/V1/RV/NC/LM,n
Ti/DC/B-/V1/RV/NC/LM/RB,n
Ti/DC/B-/X,cd
Ti/DC/B-/X/RV,cd
Ti/DC/B-/X/RV/NC,n
Ti/DC/B-/X/RV/NC/RB,n
Ti/DC/B-/X/RV/NC/LM,n
Ti/DC/B-/X/RV/NC/LM/RB,n
Ti/DC/B-/X/V1,n
Ti/DC/B-/X/V1/RV,cd
Ti/DC/B-/X/V1/RV/NC,n
Ti/DC/B-/X/V1/RV/NC/RB,n
Ti/DC/B-/X/V1/RV/NC/V2,cd
Ti/DC/B-/X/V1/RV/NC/V2/OL,n
Ti/DC/B-/X/V1/RV/NC/V2/OL/RB,n
Ti/DC/B-/X/V1/RV/NC/LM,n
Ti/DC/B-/X/V1/RV/NC/LM/RB,n
Ti/DC/B-/X/V1/RV/OE,n
Ti/DC/B-/X/V1/RV/OE/RB,n
Ti/DC/B-/B2,cd
Ti/DC/B-/B2/NC,n
Ti/DC/B-/B2/NC/RB,n
Ti/DC/B-/B2/NC/B4,n
Ti/DC/B-/B2/NC/B4/RB,n
Ti/DC/B-/B2/NC/LM,n
Ti/DC/B-/B2/NC/LM/RB,n
Ti/DC/B-/B2/V1,n
Ti/DC/B-/B2/V1/NC,n
Ti/DC/B-/B2/V1/NC/RB,n
Ti/DC/B-/B2/V1/NC/V2,cd
Ti/DC/B-/B2/V1/NC/V2/OL,n
Ti/DC/B-/B2/V1/NC/V2/OL/RB,n
Ti/DC/B-/B2/V1/NC/B4,n
Ti/DC/B-/B2/V1/NC/B4/RB,n
Ti/DC/B-/B2/V1/NC/B4/V2,cd
Ti/DC/B-/B2/V1/NC/B4/V2/OL,n
Ti/DC/B-/B2/V1/NC/B4/V2/OL/RB,n
Ti/DC/B-/B2/V1/NC/LM,n
Ti/DC/B-/B2/V1/NC/LM/RB,n
Ti/DC/B-/B2/SF,n
Ti/DC/B-/B2/SF/RB,n
Ti/DC/B-/B2/SF/B4,n
Ti/DC/B-/B2/SF/B4/RB,n
Ti/DC/B-/B2/SF/LM,n
Ti/DC/B-/B2/SF/LM/RB,n
Ti/DC/B-/B2/SF/V1,n
Ti/DC/B-/B2/SF/V1/RB,n
Ti/DC/B-/B2/SF/V1/V2,cd
Ti/DC/B-/B2/SF/V1/V2/OL,n
Ti/DC/B-/B2/SF/V1/V2/OL/RB,n
Ti/DC/B-/B2/SF/V1/B4,n
Ti/DC/B-/B2/SF/V1/B4/RB,n
Ti/DC/B-/B2/SF/V1/B4/V2,n
Ti/DC/B-/B2/SF/V1/B4/V2/OL,n
Ti/DC/B-/B2/SF/V1/B4/V2/OL/RB,n
Ti/DC/B-/B2/SF/V1/LM,n
Ti/DC/B-/B2/SF/V1/LM/RB,n
Ti/DC/B-/B2/X,cd
Ti/DC/B-/B2/X/NC,n
Ti/DC/B-/B2/X/NC/RB,n
Ti/DC/B-/B2/X/NC/B4,n
Ti/DC/B-/B2/X/NC/B4/RB,n
Ti/DC/B-/B2/X/NC/LM,n
Ti/DC/B-/B2/X/NC/LM/RB,n
Ti/DC/B-/B2/X/V1,n
Ti/DC/B-/B2/X/V1/NC,n
Ti/DC/B-/B2/X/V1/NC/RB,n
Ti/DC/B-/B2/X/V1/NC/V2,cd
Ti/DC/B-/B2/X/V1/NC/V2/OL,n
Ti/DC/B-/B2/X/V1/NC/V2/OL/RB,n
Ti/DC/B-/B2/X/V1/NC/B4,n
Ti/DC/B-/B2/X/V1/NC/B4/RB,n
Ti/DC/B-/B2/X/V1/NC/B4/V2,cd
Ti/DC/B-/B2/X/V1/NC/B4/V2/OL,n
Ti/DC/B-/B2/X/V1/NC/B4/V2/OL/RB,n
Ti/DC/B-/B2/X/V1/NC/LM,n
Ti/DC/B-/B2/X/V1/NC/LM/RB,n
Ti/DC/B-/B2/X/V1/OE,n
Ti/DC/B-/B2/X/V1/OE/RB,n
Ti/DC/B-/B2/X/SF,n
Ti/DC/B-/B2/X/SF/RB,n
Ti/DC/B-/B2/X/SF/B4,n
Ti/DC/B-/B2/X/SF/B4/RB,n
Ti/DC/B-/B2/X/SF/LM,n
Ti/DC/B-/B2/X/SF/LM/RB,n
Ti/DC/B-/B2/X/SF/V1,n
Ti/DC/B-/B2/X/SF/V1/RB,n
Ti/DC/B-/B2/X/SF/V1/V2,cd
Ti/DC/B-/B2/X/SF/V1/V2/OL,n
Ti/DC/B-/B2/X/SF/V1/V2/OL/RB,n
Ti/DC/B-/B2/X/SF/V1/B4,n
Ti/DC/B-/B2/X/SF/V1/B4/RB,n
Ti/DC/B-/B2/X/SF/V1/B4/V2,cd
Ti/DC/B-/B2/X/SF/V1/B4/V2/OL,n
Ti/DC/B-/B2/X/SF/V1/B4/V2/OL/RB,n
Ti/DC/B-/B2/X/SF/V1/LM,n
Ti/DC/B-/B2/X/SF/V1/LM/RB,n
Ti/DC/B-/B2/X/SF/V1/OE,n
Ti/DC/B-/B2/X/SF/V1/OE/RB,n
