Ti,ok
Ti/BO,ok
Ti/BO/B6,n
Ti/BO/B6/RV,n
Ti/BO/B6/RV/NC,n
Ti/BO/B6/RV/NC/RB,n
Ti/BO/B6/RV/NC/LM,n
Ti/BO/B6/RV/NC/LM/RB,n
Ti/BO/B6/V1,n
Ti/BO/B6/V1/RV,n
Ti/BO/B6/V1/RV/NC,n
Ti/BO/B6/V1/RV/NC/RB,n
Ti/BO/B6/V1/RV/NC/V2,n
Ti/BO/B6/V1/RV/NC/V2/OL,n
Ti/BO/B6/V1/RV/NC/V2/OL/RB,n
Ti/BO/B6/V1/RV/NC/LM,n
Ti/BO/B6/V1/RV/NC/LM/RB,n
Ti/BO/B6/X,n
Ti/BO/B6/X/RV,n
Ti/BO/B6/X/RV/NC,n
Ti/BO/B6/X/RV/NC/RB,n
Ti/BO/B6/X/RV/NC/LM,n
Ti/BO/B6/X/RV/NC/LM/RB,n
Ti/BO/B6/X/V1,ok
Ti/BO/B6/X/V1/RV,n
Ti/BO/B6/X/V1/RV/NC,n
Ti/BO/B6/X/V1/RV/NC/RB,n
Ti/BO/B6/X/V1/RV/NC/V2,n
Ti/BO/B6/X/V1/RV/NC/V2/OL,n
Ti/BO/B6/X/V1/RV/NC/V2/OL/RB,n
Ti/BO/B6/X/V1/RV/NC/LM,n
Ti/BO/B6/X/V1/RV/NC/LM/RB,n
Ti/BO/B6/X/V1/RV/OE,n
Ti/BO/B6/X/V1/RV/OE/RB,n
Ti/BO/B6/BC,n
Ti/BO/B6/BC/NC,n
Ti/BO/B6/BC/NC/RB,n
Ti/BO/B6/BC/NC/BD,n
Ti/BO/B6/BC/NC/BD/RB,n
Ti/BO/B6/BC/NC/LM,n
Ti/BO/B6/BC/NC/LM/RB,n
Ti/BO/B6/BC/V1,n
Ti/BO/B6/BC/V1/NC,n
Ti/BO/B6/BC/V1/NC/RB,n
Ti/BO/B6/BC/V1/NC/V2,n
Ti/BO/B6/BC/V1/NC/V2/OL,n
Ti/BO/B6/BC/V1/NC/V2/OL/RB,n
Ti/BO/B6/BC/V1/NC/BD,n
Ti/BO/B6/BC/V1/NC/BD/RB,n
Ti/BO/B6/BC/V1/NC/BD/V2,n
Ti/BO/B6/BC/V1/NC/BD/V2/OL,n
Ti/BO/B6/BC/V1/NC/BD/V2/OL/RB,n
Ti/BO/B6/BC/V1/NC/LM,n
Ti/BO/B6/BC/V1/NC/LM/RB,n
Ti/BO/B6/BC/SF,n
Ti/BO/B6/BC/SF/RB,n
Ti/BO/B6/BC/SF/BD,n
Ti/BO/B6/BC/SF/BD/RB,n
Ti/BO/B6/BC/SF/LM,n
Ti/BO/B6/BC/SF/LM/RB,n
Ti/BO/B6/BC/SF/V1,n
Ti/BO/B6/BC/SF/V1/RB,n
Ti/BO/B6/BC/SF/V1/V2,n
Ti/BO/B6/BC/SF/V1/V2/OL,n
Ti/BO/B6/BC/SF/V1/V2/OL/RB,n
Ti/BO/B6/BC/SF/V1/BD,n
Ti/BO/B6/BC/SF/V1/BD/RB,n
Ti/BO/B6/BC/SF/V1/BD/V2,n
Ti/BO/B6/BC/SF/V1/BD/V2/OL,n
Ti/BO/B6/BC/SF/V1/BD/V2/OL/RB,n
Ti/BO/B6/BC/SF/V1/LM,n
Ti/BO/B6/BC/SF/V1/LM/RB,n
Ti/BO/B6/BC/X,n
Ti/BO/B6/BC/X/NC,n
Ti/BO/B6/BC/X/NC/RB,n
Ti/BO/B6/BC/X/NC/BD,n
Ti/BO/B6/BC/X/NC/BD/RB,n
Ti/BO/B6/BC/X/NC/LM,n
Ti/BO/B6/BC/X/NC/LM/RB,n
Ti/BO/B6/BC/X/V1,n
Ti/BO/B6/BC/X/V1/NC,n
Ti/BO/B6/BC/X/V1/NC/RB,n
Ti/BO/B6/BC/X/V1/NC/V2,n
Ti/BO/B6/BC/X/V1/NC/V2/OL,n
Ti/BO/B6/BC/X/V1/NC/V2/OL/RB,n
Ti/BO/B6/BC/X/V1/NC/BD,n
Ti/BO/B6/BC/X/V1/NC/BD/RB,n
Ti/BO/B6/BC/X/V1/NC/BD/V2,n
Ti/BO/B6/BC/X/V1/NC/BD/V2/OL,n
Ti/BO/B6/BC/X/V1/NC/BD/V2/OL/RB,n
Ti/BO/B6/BC/X/V1/NC/LM,n
Ti/BO/B6/BC/X/V1/NC/LM/RB,n
Ti/BO/B6/BC/X/V1/OE,n
Ti/BO/B6/BC/X/V1/OE/RB,n
Ti/BO/B6/BC/X/SF,n
Ti/BO/B6/BC/X/SF/RB,n
Ti/BO/B6/BC/X/SF/BD,n
Ti/BO/B6/BC/X/SF/BD/RB,n
Ti/BO/B6/BC/X/SF/LM,n
Ti/BO/B6/BC/X/SF/LM/RB,n
Ti/BO/B6/BC/X/SF/V1,n
Ti/BO/B6/BC/X/SF/V1/RB,n
Ti/BO/B6/BC/X/SF/V1/V2,n
Ti/BO/B6/BC/X/SF/V1/V2/OL,n
Ti/BO/B6/BC/X/SF/V1/BD,n
Ti/BO/B6/BC/X/SF/V1/BD/RB,n
Ti/BO/B6/BC/X/SF/V1/BD/V2,n
Ti/BO/B6/BC/X/SF/V1/BD/V2/OL,n
Ti/BO/B6/BC/X/SF/V1/BD/V2/OL/RB,n
Ti/BO/B6/BC/X/SF/V1/LM,n
Ti/BO/B6/BC/X/SF/V1/LM/RB,n
Ti/BO/B6/BC/X/SF/V1/OE,n
Ti/BO/B6/BC/X/SF/V1/OE/RB,n
Ti/BO/U,ok
Ti/DC,ok
Ti/BO/B6/BC/X/SF/V1/V2/OL/RB,n
Ti/BO/U/STBO,n
Ti/DC/STBO,n
